Flag#,Severe_Maternal_Morbidity_Indicator,Diagnosis_or_Procedure,ICD-10,Definition,,,
1,Acute myocardial infarction,DX,I21.01,ST elevation (STEMI) myocardial infarction involving left main coronary artery,,,
1,Acute myocardial infarction,DX,I21.02,ST elevation (STEMI) myocardial infarction involving left anterior descending coronary artery,,,
1,Acute myocardial infarction,DX,I21.09,ST elevation (STEMI) myocardial infarction involving other coronary artery of anterior wall,,,
1,Acute myocardial infarction,DX,I21.11,ST elevation (STEMI) myocardial infarction involving right coronary artery,,,
1,Acute myocardial infarction,DX,I21.19,ST elevation (STEMI) myocardial infarction involving other coronary artery of inferior wall,,,
1,Acute myocardial infarction,DX,I21.21,ST elevation (STEMI) myocardial infarction involving left circumflex coronary artery,,,
1,Acute myocardial infarction,DX,I21.29,ST elevation (STEMI) myocardial infarction involving other sites,,,
1,Acute myocardial infarction,DX,I21.3,ST elevation (STEMI) myocardial infarction of unspecified site,,,
1,Acute myocardial infarction,DX,I21.4,Non-ST elevation (NSTEMI) myocardial infarction,,,
1,Acute myocardial infarction,DX,I21.9,"Acute myocardial infarction, unspecified",,,
1,Acute myocardial infarction,DX,I21.A1,Myocardial infarction type 2,,,
1,Acute myocardial infarction,DX,I21.A9,Other myocardial infarction type,,,
1,Acute myocardial infarction,DX,I22.0,Subsequent ST elevation (STEMI) myocardial infarction of anterior wall,,,
1,Acute myocardial infarction,DX,I22.1,Subsequent ST elevation (STEMI) myocardial infarction of inferior wall,,,
1,Acute myocardial infarction,DX,I22.2,Subsequent non-ST elevation (NSTEMI) myocardial infarction,,,
1,Acute myocardial infarction,DX,I22.8,Subsequent ST elevation (STEMI) myocardial infarction of other sites,,,
1,Acute myocardial infarction,DX,I22.9,Subsequent ST elevation (STEMI) myocardial infarction of unspecified site,,,
2,Aneurysm,DX,I71.00,Dissection of unspecified site of aorta,,,
2,Aneurysm,DX,I71.01,Dissection of thoracic aorta,,,
2,Aneurysm,DX,I71.02,Dissection of abdominal aorta,,,
2,Aneurysm,DX,I71.03,Dissection of thoracoabdominal aorta,,,
2,Aneurysm,DX,I71.1,"Thoracic aortic aneurysm, ruptured",,,
2,Aneurysm,DX,I71.2,"Thoracic aortic aneurysm, without rupture",,,
2,Aneurysm,DX,I71.3,"Abdominal aortic aneurysm, ruptured",,,
2,Aneurysm,DX,I71.4,"Abdominal aortic aneurysm, without rupture",,,
2,Aneurysm,DX,I71.5,"Thoracoabdominal aortic aneurysm, ruptured",,,
2,Aneurysm,DX,I71.6,"Thoracoabdominal aortic aneurysm, without rupture",,,
2,Aneurysm,DX,I71.8,"Aortic aneurysm of unspecified site, ruptured",,,
2,Aneurysm,DX,I71.9 ,"Aortic aneurysm of unspecified site, without rupture",,,
2,Aneurysm,DX,I79.0,Aneurysm of aorta in diseases classified elsewhere,,,
3,Acute renal failure,DX,N17.0,Acute kidney failure with tubular necrosis,,,
3,Acute renal failure,DX,N17.1,Acute kidney failure with acute cortical necrosis,,,
3,Acute renal failure,DX,N17.2,Acute kidney failure with medullary necrosis,,,
3,Acute renal failure,DX,N17.8,Other acute kidney failure,,,
3,Acute renal failure,DX,N17.9,"Acute kidney failure, unspecified",,,
3,Acute renal failure,DX,O90.4,Postpartum acute kidney failure,,,
4,Adult respiratory distress syndrome,DX,J80,Acute respiratory distress syndrome,,,
4,Adult respiratory distress syndrome,DX,J95.1,Acute pulmonary insufficiency following thoracic surgery,,,
4,Adult respiratory distress syndrome,DX,J95.2,Acute pulmonary insufficiency following nonthoracic surgery,,,
4,Adult respiratory distress syndrome,DX,J95.3,Chronic pulmonary insufficiency following surgery,,,
4,Adult respiratory distress syndrome,DX,J95.821,Acute postprocedural respiratory failure,,,
4,Adult respiratory distress syndrome,DX,J95.822 ,Acute and chronic postprocedural respiratory failure,,,
4,Adult respiratory distress syndrome,DX,J96.00,Acute respiratory failure unspecified whether with hypoxia or hypercapnia,,,
4,Adult respiratory distress syndrome,DX,J96.01,Acute respiratory failure with hypoxia,,,
4,Adult respiratory distress syndrome,DX,J96.02,Acute respiratory failure with hypercapnia,,,
4,Adult respiratory distress syndrome,DX,J96.20,Acute and chronic respiratory failure unspecified whether with hypoxia or hypercapnia,,,
4,Adult respiratory distress syndrome,DX,J96.21,Acute and chronic respiratory failure with hypoxia,,,
4,Adult respiratory distress syndrome,DX,J96.22,Acute and chronic respiratory failure with hypercapnia,,,
4,Adult respiratory distress syndrome,DX,R09.2,Respiratory arrest,,,
5,Amniotic fluid embolism,DX,O88.111 ,Amniotic fluid embolism in first trimester,,,
5,Amniotic fluid embolism,DX,O88.112,Amniotic fluid embolism in second trimester,,,
5,Amniotic fluid embolism,DX,O88.113,Amniotic fluid embolism in third trimester,,,
5,Amniotic fluid embolism,DX,O88.119,Amniotic fluid embolism in pregnancy, ,,
5,Amniotic fluid embolism,DX,O88.12  ,Amniotic fluid embolism in childbirth,,,
5,Amniotic fluid embolism,DX,O88.13  ,Amniotic fluid embolism in puerperium,,,
6,Cardiac arrest/ventricular fibrillation,DX,I49.01,Ventricular fibrillation,,,
6,Cardiac arrest/ventricular fibrillation,DX,I49.02,Ventricular flutter,,,
6,Cardiac arrest/ventricular fibrillation,DX,I46.2,Cardiac arrest due to underlying cardiac condition,,,
6,Cardiac arrest/ventricular fibrillation,DX,I46.8,Cardiac arrest due to other underlying condition,,,
6,Cardiac arrest/ventricular fibrillation,DX,I46.9,"Cardiac arrest, cause unspecified",,,
7,Conversion of cardiac rhythm,PR,5A2204Z,"Restoration of Cardiac Rhythm, Single
Cardiac countershock with successful conversion to sinus rhythm ICD-9: 99.61,2,4,9 ",,,
7,Conversion of cardiac rhythm,PR,5A12012,"Performance of Cardiac Output, Single, Manual ",,,
8,Disseminated intravascular coagulation,DX,D65,Disseminated intravascular coagulation [defibrination syndrome],,,
8,Disseminated intravascular coagulation,DX,D68.8,Other specified coagulation defects,,,
8,Disseminated intravascular coagulation,DX,D68.9,"Coagulation defect, unspecified",,,
8,Disseminated intravascular coagulation,DX,O72.3,Postpartum coagulation defects,,,
9,Eclampsia,DX,O15.00,"Eclampsia complicating pregnancy, unspecified trimester",,,
9,Eclampsia,DX,O15.02,"Eclampsia in pregnancy, second trimester",,,
9,Eclampsia,DX,O15.03,"Eclampsia in pregnancy, third trimester",,,
9,Eclampsia,DX,O15.1,Eclampsia in labor,,,
9,Eclampsia,DX,O15.2,Eclampsia in the puerperium,,,
9,Eclampsia,DX,O15.9,"Eclampsia, unspecified as to time period",,,
10,Heart failure/arrest during surgery or procedure,DX,I97.120,Postprocedural cardiac arrest following cardiac surgery,,,
10,Heart failure/arrest during surgery or procedure,DX,I97.121,Postprocedural cardiac arrest following other surgery,,,
10,Heart failure/arrest during surgery or procedure,DX,I97.130,Postprocedural heart failure following cardiac surgery,,,
10,Heart failure/arrest during surgery or procedure,DX,I97.131,Postprocedural heart failure following other surgery,,,
10,Heart failure/arrest during surgery or procedure,DX,I97.710,Intraoperative cardiac arrest during cardiac surgery,,,
10,Heart failure/arrest during surgery or procedure,DX,I97.711,Intraoperative cardiac arrest during other surgery,,, 
11,Puerperal cerebrovascular disorders,DX,I60.00,Nontraumatic subarachnoid hemorrhage from unspecified carotid siphon and bifurcation,,,
11,Puerperal cerebrovascular disorders,DX,I60.01,Nontraumatic subarachnoid hemorrhage from right carotid siphon and bifurcation,,,
11,Puerperal cerebrovascular disorders,DX,I60.02,Nontraumatic subarachnoid hemorrhage from left carotid siphon and bifurcation,,,
11,Puerperal cerebrovascular disorders,DX,I60.10,Nontraumatic subarachnoid hemorrhage from unspecified middle cerebral artery,,,
11,Puerperal cerebrovascular disorders,DX,I60.11,Nontraumatic subarachnoid hemorrhage from right middle cerebral artery,,,
11,Puerperal cerebrovascular disorders,DX,I60.12,Nontraumatic subarachnoid hemorrhage from left middle cerebral artery,,,
11,Puerperal cerebrovascular disorders,DX,I60.2,Nontraumatic subarachnoid hemorrhage from anterior communicating artery,,,
11,Puerperal cerebrovascular disorders,DX,I60.20,Nontraumatic subarachnoid hemorrhage from unspecified anterior communicating artery,,,
11,Puerperal cerebrovascular disorders,DX,I60.21,Nontraumatic subarachnoid hemorrhage from right anterior communicating artery,,,
11,Puerperal cerebrovascular disorders,DX,I60.22,Nontraumatic subarachnoid hemorrhage from left anterior communicating artery,,,
11,Puerperal cerebrovascular disorders,DX,I60.30,Nontraumatic subarachnoid hemorrhage from unspecified posterior communicating artery,,,
11,Puerperal cerebrovascular disorders,DX,I60.31,Nontraumatic subarachnoid hemorrhage from right posterior communicating artery,,,
11,Puerperal cerebrovascular disorders,DX,I60.32,Nontraumatic subarachnoid hemorrhage from left posterior communicating artery,,,
11,Puerperal cerebrovascular disorders,DX,I60.4,Nontraumatic subarachnoid hemorrhage from basilar artery,,,
11,Puerperal cerebrovascular disorders,DX,I60.50,Nontraumatic subarachnoid hemorrhage from unspecified vertebral artery,,,
11,Puerperal cerebrovascular disorders,DX,I60.51,Nontraumatic subarachnoid hemorrhage from right vertebral artery,,,
11,Puerperal cerebrovascular disorders,DX,I60.52,Nontraumatic subarachnoid hemorrhage from left vertebral artery,,,
11,Puerperal cerebrovascular disorders,DX,I60.6,Nontraumatic subarachnoid hemorrhage from other intracranial arteries,,,
11,Puerperal cerebrovascular disorders,DX,I60.7,Nontraumatic subarachnoid hemorrhage from unspecified intracranial artery,,,
11,Puerperal cerebrovascular disorders,DX,I60.8,Other nontraumatic subarachnoid hemorrhage,,,
11,Puerperal cerebrovascular disorders,DX,I60.9,"Nontraumatic subarachnoid hemorrhage, unspecified",,,
11,Puerperal cerebrovascular disorders,DX,I61.0,"Nontraumatic intracerebral hemorrhage in hemisphere, subcortical",,,
11,Puerperal cerebrovascular disorders,DX,I61.1,"Nontraumatic intracerebral hemorrhage in hemisphere, cortical",,,
11,Puerperal cerebrovascular disorders,DX,I61.2,"Nontraumatic intracerebral hemorrhage in hemisphere, unspecified",,,
11,Puerperal cerebrovascular disorders,DX,I61.3,Nontraumatic intracerebral hemorrhage in brain stem,,,
11,Puerperal cerebrovascular disorders,DX,I61.4,Nontraumatic intracerebral hemorrhage in cerebellum,,,
11,Puerperal cerebrovascular disorders,DX,I61.5,"Nontraumatic intracerebral hemorrhage, intraventricular",,,
11,Puerperal cerebrovascular disorders,DX,I61.6,"Nontraumatic intracerebral hemorrhage, multiple localized",,,
11,Puerperal cerebrovascular disorders,DX,I61.8,Other nontraumatic intracerebral hemorrhage,,,
11,Puerperal cerebrovascular disorders,DX,I61.9,"Nontraumatic intracerebral hemorrhage, unspecified",,,
11,Puerperal cerebrovascular disorders,DX,I62.00,"Nontraumatic subdural hemorrhage, unspecified",,,
11,Puerperal cerebrovascular disorders,DX,I62.01,Nontraumatic acute subdural hemorrhage,,,
11,Puerperal cerebrovascular disorders,DX,I62.02,Nontraumatic subacute subdural hemorrhage,,,
11,Puerperal cerebrovascular disorders,DX,I62.03,Nontraumatic chronic subdural hemorrhage,,,
11,Puerperal cerebrovascular disorders,DX,I62.1,Nontraumatic extradural hemorrhage,,,
11,Puerperal cerebrovascular disorders,DX,I62.9,"Nontraumatic intracranial hemorrhage, unspecified",,,
11,Puerperal cerebrovascular disorders,DX,I63.00,Cerebral infarction due to thrombosis of unspecified precerebral artery,,,
11,Puerperal cerebrovascular disorders,DX,I63.011,Cerebral infarction due to thrombosis of right vertebral artery,,,
11,Puerperal cerebrovascular disorders,DX,I63.012,Cerebral infarction due to thrombosis of left vertebral artery,,,
11,Puerperal cerebrovascular disorders,DX,I63.013,Cerebral infarction due to thrombosis of bilateral vertebral arteries,,,
11,Puerperal cerebrovascular disorders,DX,I63.019,Cerebral infarction due to thrombosis of unspecified vertebral artery,,,
11,Puerperal cerebrovascular disorders,DX,I63.02,Cerebral infarction due to thrombosis of basilar artery,,,
11,Puerperal cerebrovascular disorders,DX,I63.031,Cerebral infarction due to thrombosis of right carotid artery,,,
11,Puerperal cerebrovascular disorders,DX,I63.032,Cerebral infarction due to thrombosis of left carotid artery,,,
11,Puerperal cerebrovascular disorders,DX,I63.033,Cerebral infarction due to thrombosis of bilateral carotid arteries,,,
11,Puerperal cerebrovascular disorders,DX,I63.039,Cerebral infarction due to thrombosis of unspecified carotid artery,,,
11,Puerperal cerebrovascular disorders,DX,I63.09,Cerebral infarction due to thrombosis of other precerebral artery,,,
11,Puerperal cerebrovascular disorders,DX,I63.10,Cerebral infarction due to embolism of unspecified precerebral artery,,,
11,Puerperal cerebrovascular disorders,DX,I63.111,Cerebral infarction due to embolism of right vertebral artery,,,
11,Puerperal cerebrovascular disorders,DX,I63.112,Cerebral infarction due to embolism of left vertebral artery,,,
11,Puerperal cerebrovascular disorders,DX,I63.113,Cerebral infarction due to embolism of bilateral vertebral arteries,,,
11,Puerperal cerebrovascular disorders,DX,I63.119,Cerebral infarction due to embolism of unspecified vertebral artery,,,
11,Puerperal cerebrovascular disorders,DX,I63.12,Cerebral infarction due to embolism of basilar artery,,,
11,Puerperal cerebrovascular disorders,DX,I63.131,Cerebral infarction due to embolism of right carotid artery,,,
11,Puerperal cerebrovascular disorders,DX,I63.132,Cerebral infarction due to embolism of left carotid artery,,,
11,Puerperal cerebrovascular disorders,DX,I63.133,Cerebral infarction due to embolism of bilateral carotid arteries,,,
11,Puerperal cerebrovascular disorders,DX,I63.139,Cerebral infarction due to embolism of unspecified carotid artery,,,
11,Puerperal cerebrovascular disorders,DX,I63.19,Cerebral infarction due to embolism of other precerebral artery,,,
11,Puerperal cerebrovascular disorders,DX,I63.20,Cerebral infarction due to unspecified occlusion or stenosis of unspecified precerebral arteries,,,
11,Puerperal cerebrovascular disorders,DX,I63.211,Cerebral infarction due to unspecified occlusion or stenosis of right vertebral arteries,,,
11,Puerperal cerebrovascular disorders,DX,I63.212,Cerebral infarction due to unspecified occlusion or stenosis of left vertebral arteries,,,
11,Puerperal cerebrovascular disorders,DX,I63.213,Cerebral infarction due to unspecified occlusion or stenosis of bilateral vertebral arteries,,,
11,Puerperal cerebrovascular disorders,DX,I63.219,Cerebral infarction due to unspecified occlusion or stenosis of unspecified vertebral arteries,,,
11,Puerperal cerebrovascular disorders,DX,I63.22,Cerebral infarction due to unspecified occlusion or stenosis of basilar arteries,,,
11,Puerperal cerebrovascular disorders,DX,I63.231,Cerebral infarction due to unspecified occlusion or stenosis of right carotid arteries,,,
11,Puerperal cerebrovascular disorders,DX,I63.232,Cerebral infarction due to unspecified occlusion or stenosis of left carotid arteries,,,
11,Puerperal cerebrovascular disorders,DX,I63.233,Cerebral infarction due to unspecified occlusion or stenosis of bilateral carotid arteries,,,
11,Puerperal cerebrovascular disorders,DX,I63.239,Cerebral infarction due to unspecified occlusion or stenosis of unspecified carotid arteries,,,
11,Puerperal cerebrovascular disorders,DX,I63.29,Cerebral infarction due to unspecified occlusion or stenosis of other precerebral arteries,,,
11,Puerperal cerebrovascular disorders,DX,I63.30,Cerebral infarction due to thrombosis of unspecified cerebral artery,,,
11,Puerperal cerebrovascular disorders,DX,I63.311,Cerebral infarction due to thrombosis of right middle cerebral artery,,,
11,Puerperal cerebrovascular disorders,DX,I63.312,Cerebral infarction due to thrombosis of left middle cerebral artery,,,
11,Puerperal cerebrovascular disorders,DX,I63.313,Cerebral infarction due to thrombosis of bilateral middle cerebral arteries,,,
11,Puerperal cerebrovascular disorders,DX,I63.319,Cerebral infarction due to thrombosis of unspecified middle cerebral artery,,,
11,Puerperal cerebrovascular disorders,DX,I63.321,Cerebral infarction due to thrombosis of right anterior cerebral artery,,,
11,Puerperal cerebrovascular disorders,DX,I63.322,Cerebral infarction due to thrombosis of left anterior cerebral artery,,,
11,Puerperal cerebrovascular disorders,DX,I63.323,Cerebral infarction due to thrombosis of bilateral anterior arteries,,,
11,Puerperal cerebrovascular disorders,DX,I63.329,Cerebral infarction due to thrombosis of unspecified anterior cerebral artery,,,
11,Puerperal cerebrovascular disorders,DX,I63.331,Cerebral infarction due to thrombosis of right posterior cerebral artery,,,
11,Puerperal cerebrovascular disorders,DX,I63.332,Cerebral infarction due to thrombosis of left posterior cerebral artery,,,
11,Puerperal cerebrovascular disorders,DX,I63.333,Cerebral infarction to thrombosis of bilateral posterior arteries,,,
11,Puerperal cerebrovascular disorders,DX,I63.339,Cerebral infarction due to thrombosis of unspecified posterior cerebral artery,,,
11,Puerperal cerebrovascular disorders,DX,I63.341,Cerebral infarction due to thrombosis of right cerebellar artery,,,
11,Puerperal cerebrovascular disorders,DX,I63.342,Cerebral infarction due to thrombosis of left cerebellar artery,,,
11,Puerperal cerebrovascular disorders,DX,I63.343,Cerebral infarction to thrombosis of bilateral cerebellar arteries,,,
11,Puerperal cerebrovascular disorders,DX,I63.349,Cerebral infarction due to thrombosis of unspecified cerebellar artery,,,
11,Puerperal cerebrovascular disorders,DX,I63.39,Cerebral infarction due to thrombosis of other cerebral artery,,,
11,Puerperal cerebrovascular disorders,DX,I63.40,Cerebral infarction due to embolism of unspecified cerebral artery,,,
11,Puerperal cerebrovascular disorders,DX,I63.411,Cerebral infarction due to embolism of right middle cerebral artery,,,
11,Puerperal cerebrovascular disorders,DX,I63.412,Cerebral infarction due to embolism of left middle cerebral artery,,,
11,Puerperal cerebrovascular disorders,DX,I63.413,Cerebral infarction due to embolism of bilateral middle cerebral arteries,,,
11,Puerperal cerebrovascular disorders,DX,I63.419,Cerebral infarction due to embolism of unspecified middle cerebral artery,,,
11,Puerperal cerebrovascular disorders,DX,I63.421,Cerebral infarction due to embolism of right anterior cerebral artery,,,
11,Puerperal cerebrovascular disorders,DX,I63.422,Cerebral infarction due to embolism of left anterior cerebral artery,,,
11,Puerperal cerebrovascular disorders,DX,I63.423,Cerebral infarction due to embolism of bilateral anterior cerebral arteries,,,
11,Puerperal cerebrovascular disorders,DX,I63.429,Cerebral infarction due to embolism of unspecified anterior cerebral artery,,,
11,Puerperal cerebrovascular disorders,DX,I63.431,Cerebral infarction due to embolism of right posterior cerebral artery,,,
11,Puerperal cerebrovascular disorders,DX,I63.432,Cerebral infarction due to embolism of left posterior cerebral artery,,,
11,Puerperal cerebrovascular disorders,DX,I63.433,Cerebral infarction due to embolism of bilateral posterior cerebral arteries,,,
11,Puerperal cerebrovascular disorders,DX,I63.439,Cerebral infarction due to embolism of unspecified posterior cerebral artery,,,
11,Puerperal cerebrovascular disorders,DX,I63.441,Cerebral infarction due to embolism of right cerebellar artery,,,
11,Puerperal cerebrovascular disorders,DX,I63.442,Cerebral infarction due to embolism of left cerebellar artery,,,
11,Puerperal cerebrovascular disorders,DX,I63.443,Cerebral infarction due to embolism of bilateral cerebellar arteries,,,
11,Puerperal cerebrovascular disorders,DX,I63.449,Cerebral infarction due to embolism of unspecified cerebellar artery,,,
11,Puerperal cerebrovascular disorders,DX,I63.49,Cerebral infarction due to embolism of other cerebral artery,,,
11,Puerperal cerebrovascular disorders,DX,I63.50,Cerebral infarction due to unspecified occlusion or stenosis of unspecified cerebral artery,,,
11,Puerperal cerebrovascular disorders,DX,I63.511,Cerebral infarction due to unspecified occlusion or stenosis of right middle cerebral artery,,,
11,Puerperal cerebrovascular disorders,DX,I63.512,Cerebral infarction due to unspecified occlusion or stenosis of left middle cerebral artery,,,
11,Puerperal cerebrovascular disorders,DX,I63.513,Cerebral infarction due to unspecified occlusion or stenosis of bilateral middle arteries,,,
11,Puerperal cerebrovascular disorders,DX,I63.519,Cerebral infarction due to unspecified occlusion or stenosis of unspecified middle cerebral art,,,
11,Puerperal cerebrovascular disorders,DX,I63.521,Cerebral infarction due to unspecified occlusion or stenosis of right anterior cerebral artery,,,
11,Puerperal cerebrovascular disorders,DX,I63.522,Cerebral infarction due to unspecified occlusion or stenosis of left anterior cerebral artery,,,
11,Puerperal cerebrovascular disorders,DX,I63.523,Cerebral infarction due to unspecified occlusion or stenosis of bilateral anterior arteries,,,
11,Puerperal cerebrovascular disorders,DX,I63.529,Cerebral infarction due to unspecified occlusion or stenosis of unspecified anterior cerebral a,,,
11,Puerperal cerebrovascular disorders,DX,I63.531,Cerebral infarction due to unspecified occlusion or stenosis of right posterior cerebral artery,,,
11,Puerperal cerebrovascular disorders,DX,I63.532,Cerebral infarction due to unspecified occlusion or stenosis of left posterior cerebral artery,,,
11,Puerperal cerebrovascular disorders,DX,I63.533,Cerebral infarction due to unspecified occlusion or stenosis of bilateral posterior arteries,,,
11,Puerperal cerebrovascular disorders,DX,I63.539,Cerebral infarction due to unspecified occlusion or stenosis of unspecified posterior cerebral,,,
11,Puerperal cerebrovascular disorders,DX,I63.541,Cerebral infarction due to unspecified occlusion or stenosis of right cerebellar artery,,,
11,Puerperal cerebrovascular disorders,DX,I63.542,Cerebral infarction due to unspecified occlusion or stenosis of left cerebellar artery,,,
11,Puerperal cerebrovascular disorders,DX,I63.543,Cerebral infarction due to unspecified occlusion or stenosis of bilateral cerebellar arteries,,,
11,Puerperal cerebrovascular disorders,DX,I63.549,Cerebral infarction due to unspecified occlusion or stenosis of unspecified cerebellar artery,,,
11,Puerperal cerebrovascular disorders,DX,I63.59,Cerebral infarction due to unspecified occlusion or stenosis of other cerebral artery,,,
11,Puerperal cerebrovascular disorders,DX,I63.6,"Cerebral infarction due to cerebral venous thrombosis, nonpyogenic",,,
11,Puerperal cerebrovascular disorders,DX,I63.8,Other cerebral infarction,,,
11,Puerperal cerebrovascular disorders,DX,I63.9,"Cerebral infarction, unspecified",,,
11,Puerperal cerebrovascular disorders,DX,I65.01,Occlusion and stenosis of right vertebral artery,,,
11,Puerperal cerebrovascular disorders,DX,I65.02,Occlusion and stenosis of left vertebral artery,,,
11,Puerperal cerebrovascular disorders,DX,I65.03,Occlusion and stenosis of bilateral vertebral arteries,,,
11,Puerperal cerebrovascular disorders,DX,I65.09,Occlusion and stenosis of unspecified vertebral artery,,,
11,Puerperal cerebrovascular disorders,DX,I65.1,Occlusion and stenosis of basilar artery,,,
11,Puerperal cerebrovascular disorders,DX,I65.21,Occlusion and stenosis of right carotid artery,,,
11,Puerperal cerebrovascular disorders,DX,I65.22,Occlusion and stenosis of left carotid artery,,,
11,Puerperal cerebrovascular disorders,DX,I65.23,Occlusion and stenosis of bilateral carotid arteries,,,
11,Puerperal cerebrovascular disorders,DX,I65.29,Occlusion and stenosis of unspecified carotid artery,,,
11,Puerperal cerebrovascular disorders,DX,I65.8,Occlusion and stenosis of other precerebral arteries,,,
11,Puerperal cerebrovascular disorders,DX,I65.9,Occlusion and stenosis of unspecified precerebral artery,,,
11,Puerperal cerebrovascular disorders,DX,I66.01,Occlusion and stenosis of right middle cerebral artery,,,
11,Puerperal cerebrovascular disorders,DX,I66.02,Occlusion and stenosis of left middle cerebral artery,,,
11,Puerperal cerebrovascular disorders,DX,I66.03,Occlusion and stenosis of bilateral middle cerebral arteries,,,
11,Puerperal cerebrovascular disorders,DX,I66.09,Occlusion and stenosis of unspecified middle cerebral artery,,,
11,Puerperal cerebrovascular disorders,DX,I66.11,Occlusion and stenosis of right anterior cerebral artery,,,
11,Puerperal cerebrovascular disorders,DX,I66.12,Occlusion and stenosis of left anterior cerebral artery,,,
11,Puerperal cerebrovascular disorders,DX,I66.13,Occlusion and stenosis of bilateral anterior cerebral arteries,,,
11,Puerperal cerebrovascular disorders,DX,I66.19,Occlusion and stenosis of unspecified anterior cerebral artery,,,
11,Puerperal cerebrovascular disorders,DX,I66.21,Occlusion and stenosis of right posterior cerebral artery,,,
11,Puerperal cerebrovascular disorders,DX,I66.22,Occlusion and stenosis of left posterior cerebral artery,,,
11,Puerperal cerebrovascular disorders,DX,I66.23,Occlusion and stenosis of bilateral posterior cerebral arteries,,,
11,Puerperal cerebrovascular disorders,DX,I66.29,Occlusion and stenosis of unspecified posterior cerebral artery,,,
11,Puerperal cerebrovascular disorders,DX,I66.3,Occlusion and stenosis of cerebellar arteries,,,
11,Puerperal cerebrovascular disorders,DX,I66.8,Occlusion and stenosis of other cerebral arteries,,,
11,Puerperal cerebrovascular disorders,DX,I66.9,Occlusion and stenosis of unspecified cerebral artery,,,
11,Puerperal cerebrovascular disorders,DX,I67.0,"Dissection of cerebral arteries, nonruptured",,,
11,Puerperal cerebrovascular disorders,DX,I67.1,"Cerebral aneurysm, nonruptured",,,
11,Puerperal cerebrovascular disorders,DX,I67.2,Cerebral atherosclerosis,,,
11,Puerperal cerebrovascular disorders,DX,I67.3,Progressive vascular leukoencephalopathy,,,
11,Puerperal cerebrovascular disorders,DX,I67.4,Hypertensive encephalopathy,,,
11,Puerperal cerebrovascular disorders,DX,I67.5,Moyamoya disease,,,
11,Puerperal cerebrovascular disorders,DX,I67.6,Nonpyogenic thrombosis of intracranial venous system,,,
11,Puerperal cerebrovascular disorders,DX,I67.7,"Cerebral arteritis, not elsewhere classified",,,
11,Puerperal cerebrovascular disorders,DX,I67.81,Acute cerebrovascular insufficiency,,,
11,Puerperal cerebrovascular disorders,DX,I67.82,Cerebral ischemia,,,
11,Puerperal cerebrovascular disorders,DX,I67.83,Posterior reversible encephalopathy syndrome,,,
11,Puerperal cerebrovascular disorders,DX,I67.841,Reversible cerebrovascular vasoconstriction syndrome,,,
11,Puerperal cerebrovascular disorders,DX,I67.848,Other cerebrovascular vasospasm and vasoconstriction,,,
11,Puerperal cerebrovascular disorders,DX,I67.89,Other cerebrovascular disease,,,
11,Puerperal cerebrovascular disorders,DX,I67.9,"Cerebrovascular disease, unspecified",,,
11,Puerperal cerebrovascular disorders,DX,I68.0,Cerebral amyloid angiopathy,,,
11,Puerperal cerebrovascular disorders,DX,I68.2,Cerebral arteritis in other diseases classified elsewhere,,,
11,Puerperal cerebrovascular disorders,DX,I68.8,Other cerebrovascular disorders in diseases classified elsewhere,,,
11,Puerperal cerebrovascular disorders,DX,O22.51,Cerebral venous thrombosis in pregnancy unspecified trimester,,,
11,Puerperal cerebrovascular disorders,DX,O22.52,Cerebral venous thrombosis in pregnancy second trimester,,,
11,Puerperal cerebrovascular disorders,DX,O22.53,Cerebral venous thrombosis in pregnancy third trimester,,,
11,Puerperal cerebrovascular disorders,DX,O87.3,Cerebral venous thrombosis in the puerperium,,,
11,Puerperal cerebrovascular disorders,DX,I97.810,Intraoperative cerebrovascular infarction during cardiac surgery,,,
11,Puerperal cerebrovascular disorders,DX,I97.811,Intraoperative cerebrovascular infarction during other surgery,,,
11,Puerperal cerebrovascular disorders,DX,I97.820,Postprocedural cerebrovascular infarction during cardiac surgery,,,
11,Puerperal cerebrovascular disorders,DX,I97.821,Postprocedural cerebrovascular infarction during other surgery,,,
12,Pulmonary edema / Acute heart failure,DX,J81.0,Acute pulmonary edema,,,
12,Pulmonary edema / Acute heart failure,DX,I50.1,Left ventricular failure,,,
12,Pulmonary edema / Acute heart failure,DX,I50.20,Unspecified systolic (congestive) heart failure,,,
12,Pulmonary edema / Acute heart failure,DX,I50.21,Acute systolic (congestive) heart failure,,,
12,Pulmonary edema / Acute heart failure,DX,I50.23,Acute on chronic systolic (congestive) heart failure,,,
12,Pulmonary edema / Acute heart failure,DX,I50.30,Unspecified diastolic (congestive) heart failure,,,
12,Pulmonary edema / Acute heart failure,DX,I50.31,Acute diastolic (congestive) heart failure,,,
12,Pulmonary edema / Acute heart failure,DX,I50.33,Acute on chronic diastolic (congestive) heart failure,,,
12,Pulmonary edema / Acute heart failure,DX,I50.40,Unspecified combined systolic (congestive) and diastolic (congestive) heart failure,,,
12,Pulmonary edema / Acute heart failure,DX,I50.41,Acute combined systolic (congestive) and diastolic (congestive) heart failure,,,
12,Pulmonary edema / Acute heart failure,DX,I50.43,Acute on chronic combined systolic (congestive) and diastolic (congestive) heart failure,,,
12,Pulmonary edema / Acute heart failure,DX,I50.9,"Heart failure, unspecified",,,
13,Severe anesthesia complications,DX,O74.0,Aspiration pneumonitis due to anesthesia during labor and delivery,,,
13,Severe anesthesia complications,DX,O74.1,Other pulmonary complications of anesthesia during labor and delivery,,,
13,Severe anesthesia complications,DX,O74.2,Cardiac complications of anesthesia during labor and delivery,,,
13,Severe anesthesia complications,DX,O74.3,Central nervous system complications of anesthesia during labor and delivery,,,
13,Severe anesthesia complications,DX,O89.01,Aspiration pneumonitis due to anesthesia during the puerperium,,,
13,Severe anesthesia complications,DX,O89.09,Other pulmonary complications of anesthesia during the puerperium,,,
13,Severe anesthesia complications,DX,O89.1,Cardiac complications of anesthesia during the puerperium,,,
13,Severe anesthesia complications,DX,O89.2,Central nervous system complications of anesthesia during the puerperium,,,
14,Sepsis,DX,O85,Puerperal sepsis                        ,,,
14,Sepsis,DX,O86.04,Sepsis following an obstetrical procedure,,,
14,Sepsis,DX,T80.211A,"Bloodstream infection due to central venous catheter, initial encounter",,,
14,Sepsis,DX,T81.4XXA,"Infection following a procedure, initial encounter",,,
14,Sepsis,DX, T81.44,Sepsis following a procedure,,,
14,Sepsis,DX,T81.44XA,"Sepsis following a procedure, initial encounter",,,
14,Sepsis,DX,T81.44XD,"Sepsis following a procedure, subsequent encounter",,,
14,Sepsis,DX,T81.44XS,"Sepsis following a procedure, sequela",,, 
14,Sepsis,DX,R65.20,Severe sepsis without septic shock,,,
14,Sepsis,DX,A40.0,"Sepsis due to streptococcus, group A",,,
14,Sepsis,DX,A40.1,"Sepsis due to streptococcus, group B",,,
14,Sepsis,DX,A40.3,Sepsis due to Streptococcus pneumoniae,,,
14,Sepsis,DX,A40.8,Other streptococcal sepsis,,,
14,Sepsis,DX,A40.9,"Streptococcal sepsis, unspecified",,,
14,Sepsis,DX,A41.01,Sepsis due to Methicillin susceptible Staphylococcus aureus,,,
14,Sepsis,DX,A41.02,Sepsis due to Methicillin resistant Staphylococcus aureus,,,
14,Sepsis,DX,A41.1,Sepsis due to other specified staphylococcus,,,
14,Sepsis,DX,A41.2,Sepsis due to unspecified staphylococcus,,,
14,Sepsis,DX,A41.3 ,Sepsis due to Hemophilus influenza,,,
14,Sepsis,DX,A41.4,Sepsis due to anaerobes,,,
14,Sepsis,DX,A41.50 ,"Gram-negative sepsis, unspecified",,,
14,Sepsis,DX,A41.51 ,Sepsis due to Escherichia coli,,,
14,Sepsis,DX,A41.52,Sepsis due to pseudomonas,,,
14,Sepsis,DX,A41.53 ,Sepsis due to serratia,,,
14,Sepsis,DX,A41.59,Other gram-negative sepsis,,,
14,Sepsis,DX,A41.81 ,Sepsis due to Enterococcus,,,
14,Sepsis,DX,A41.89 ,Other specified sepsis,,,
14,Sepsis,DX,A41.9,"Sepsis, unspecified",,,
14,Sepsis,DX,A32.7  ,Listerial sepsis,,,
15,Shock,DX,O75.1,Shock during or following labor and delivery,,,
15,Shock,DX,R57.0,Cardiogenic shock,,,
15,Shock,DX,R57.1,Hypovolemic shock,,,
15,Shock,DX,R57.8,Other shock,,,
15,Shock,DX,R57.9,"Shock, unspecified",,,
15,Shock,DX,R65.21 ,Severe sepsis with septic shock,,,
15,Shock,DX,T78.2XXA  ,"Anaphylactic shock, unspecified",,,
15,Shock,DX,T88.2XXA  ,Shock due to anesthesia,,,
15,Shock,DX,T88.6XXA ,Anaphylactic reaction due to adverse effect of correct drug or medicament properly administered,,,
15,Shock,DX,T81.10XA ,"Postprocedural shock unspecified, initial encounter",,,
15,Shock,DX,T81.11XA ,"Postprocedural cardiogenic shock, initial encounter",,,
15,Shock,DX,T81.19XA ,"Other postprocedural shock, initial encounter",,,
16,Sickle cell disease with crisis,DX,D57.00,"Hb-SS disease with crisis, unspecified",,,
16,Sickle cell disease with crisis,DX,D57.01,Hb-SS disease with acute chest syndrome,,,
16,Sickle cell disease with crisis,DX,D57.02,Hb-SS disease with splenic sequestration,,,
16,Sickle cell disease with crisis,DX,D57.211,Sickle-cell/Hb-C disease with acute chest syndrome,,,
16,Sickle cell disease with crisis,DX,D57.212,Sickle-cell/Hb-C disease with splenic sequestration,,,
16,Sickle cell disease with crisis,DX,D57.219,"Sickle-cell/Hb-C disease with crisis, unspecified",,,
16,Sickle cell disease with crisis,DX,D57.411,Sickle-cell thalassemia with acute chest syndrome,,,
16,Sickle cell disease with crisis,DX,D57.412,Sickle-cell thalassemia with splenic sequestration,,,
16,Sickle cell disease with crisis,DX,D57.419,"Sickle-cell thalassemia with crisis, unspecified",,,
16,Sickle cell disease with crisis,DX,D57.811,Other sickle-cell disorders with acute chest syndrome,,,
16,Sickle cell disease with crisis,DX,D57.812,Other sickle-cell disorders with splenic sequestration,,,
16,Sickle cell disease with crisis,DX,D57.819,"Other sickle-cell disorders with crisis, unspecified",,,
17,Air and thrombotic embolism,DX,I26.01,Septic pulmonary embolism with acute cor pulmonale,,,
17,Air and thrombotic embolism,DX,I26.02,Saddle embolus of pulmonary artery with acute cor pulmonale,,,
17,Air and thrombotic embolism,DX,I26.09,Other pulmonary embolism with acute cor pulmonale,,,
17,Air and thrombotic embolism,DX,I26.90  ,Septic pulmonary embolism without acute cor pulmonale,,,
17,Air and thrombotic embolism,DX,I26.92,Saddle embolus of pulmonary artery without acute cor pulmonale,,,
17,Air and thrombotic embolism,DX,I26.99,Other pulmonary embolism without acute cor pulmonale,,,
17,Air and thrombotic embolism,DX,O88.011,"Air embolism in pregnancy, first trimester",,,
17,Air and thrombotic embolism,DX,O88.012,"Air embolism in pregnancy, second trimester",,,
17,Air and thrombotic embolism,DX,O88.013,"Air embolism in pregnancy, third trimester",,,
17,Air and thrombotic embolism,DX,O88.019,"Air embolism in pregnancy, unspecified trimester",,,
17,Air and thrombotic embolism,DX,O88.02,Air embolism in childbirth,,,
17,Air and thrombotic embolism,DX,O88.03,Air embolism in the puerperium,,,
17,Air and thrombotic embolism,DX,O88.211,"Thromboembolism in pregnancy, first trimester",,,
17,Air and thrombotic embolism,DX,O88.212,"Thromboembolism in pregnancy, second trimester",,,
17,Air and thrombotic embolism,DX,O88.213,"Thromboembolism in pregnancy, third trimester",,,
17,Air and thrombotic embolism,DX,O88.219,"Thromboembolism in pregnancy, unspecified trimester",,,
17,Air and thrombotic embolism,DX,O88.22 ,Thromboembolism in childbirth,,,
17,Air and thrombotic embolism,DX,O88.23 ,Thromboembolism in the puerperium,,,
17,Air and thrombotic embolism,DX,O88.311,"Pyemic and septic embolism in pregnancy, first trimester",,,
17,Air and thrombotic embolism,DX,O88.312,"Pyemic and septic embolism in pregnancy, second trimester",,,
17,Air and thrombotic embolism,DX,O88.313,"Pyemic and septic embolism in pregnancy, third trimester",,,
17,Air and thrombotic embolism,DX,O88.319,"Pyemic and septic embolism in pregnancy, unspecified trimester",,,
17,Air and thrombotic embolism,DX,O88.32 ,Pyemic and septic embolism in childbirth,,,
17,Air and thrombotic embolism,DX,O88.33,Pyemic and septic embolism in the puerperium,,,
17,Air and thrombotic embolism,DX,O88.811,Other embolism in pregnancy first trimester,,,
17,Air and thrombotic embolism,DX,O88.812 ,Other embolism in pregnancy second trimester,,,
17,Air and thrombotic embolism,DX,O88.813 ,Other embolism in pregnancy third trimester,,,
17,Air and thrombotic embolism,DX,O88.819 ,"Other embolism in pregnancy, unspecified trimester",,,
17,Air and thrombotic embolism,DX,O88.82,Other embolism in childbirth,,,
17,Air and thrombotic embolism,DX,O88.83 ,Other embolism in the puerperium,,,
17,Air and thrombotic embolism,DX,I26.0,Pulmonary embolism with acute cor pulmonale,,,
18,Blood transfusion,PR,30233H1,"Transfusion of Nonautologous Whole Blood into Peripheral Vein, Percutaneous Approach",,,
18,Blood transfusion,PR,30233K1,"Transfusion of Nonautologous Frozen Plasma into Peripheral Vein, Percutaneous Approach",,,
18,Blood transfusion,PR,30233L1,"Transfusion of Nonautologous Fresh Plasma into Peripheral Vein, Percutaneous Approach",,,
18,Blood transfusion,PR,30233M1,"Transfusion of Nonautologous Plasma Cryoprecipitate into Peripheral Vein, Percutaneous Approach",,,
18,Blood transfusion,PR,30233N1,"Transfusion of Nonautologous Red Blood Cells into Peripheral Vein, Percutaneous Approach",,,
18,Blood transfusion,PR,30233P1,"Transfusion of Nonautologous Frozen Red Cells into Peripheral Vein, Percutaneous Approach",,,
18,Blood transfusion,PR,30233R1,"Transfusion of Nonautologous Platelets into Peripheral Vein, Percutaneous Approach",,,
18,Blood transfusion,PR,30233T1,"Transfusion of Nonautologous Fibrinogen into Peripheral Vein, Percutaneous Approach",,,
18,Blood transfusion,PR,30240H1,"Transfusion of Nonautologous Whole Blood into Central vein, open approach",,,
18,Blood transfusion,PR,30240K1,"Transfusion of Nonautologous Frozen Plasma into Central vein, open approach",,,
18,Blood transfusion,PR,30240L1,"Transfusion of Nonautologous Fresh Plasma into Central vein, open approach",,,
18,Blood transfusion,PR,30240M1,"Transfusion of Nonautologous Plasma Cryoprecipitate into Central vein, open approach",,,
18,Blood transfusion,PR,30240N1,"Transfusion of Nonautologous Red Blood Cells into Central vein, open approach",,,
18,Blood transfusion,PR,30240P1,"Transfusion of Nonautologous Frozen Red Cells into Central vein, open approach",,,
18,Blood transfusion,PR,30240R1,"Transfusion of Nonautologous Platelets into Central vein, open approach",,,
18,Blood transfusion,PR,30240T1,"Transfusion of Nonautologous Fibrinogen into Central vein, open approach",,,
18,Blood transfusion,PR,30243H1,"Transfusion of Nonautologous Whole Blood into Central vein, percutaneous approach",,,
18,Blood transfusion,PR,30243K1,"Transfusion of Nonautologous Frozen Plasma into Central vein, percutaneous approach",,,
18,Blood transfusion,PR,30243L1,"Transfusion of Nonautologous Fresh Plasma into Central vein, percutaneous approach",,,
18,Blood transfusion,PR,30243M1,"Transfusion of Nonautologous Plasma Cryoprecipitate into Central vein, percutaneous approach",,,
18,Blood transfusion,PR,30243N1,"Transfusion of Nonautologous Red Blood Cells into Central vein, percutaneous approach",,,
18,Blood transfusion,PR,30243P1,"Transfusion of Nonautologous Frozen Red Cells into Central vein, percutaneous approach",,,
18,Blood transfusion,PR,30243R1,"Transfusion of Nonautologous Platelets into Central vein, percutaneous approach",,,
18,Blood transfusion,PR,30243T1,"Transfusion of Nonautologous Fibrinogen into Central vein, percutaneous approach",,,
18,Blood transfusion,PR,30233N0,"Transfusion of Autologous Red Blood Cells into Peripheral Vein, Percutaneous Approach",,,
18,Blood transfusion,PR,30233P0,"Transfusion of Autologous Frozen Red Cells into Peripheral Vein, Percutaneous Approach",,,
18,Blood transfusion,PR,30240N0,"Transfusion of Autologous Red Blood Cells into Central vein, open approach",,,
18,Blood transfusion,PR,30240P0,"Transfusion of Autologous Frozen Red Cells into Central vein, open approach",,,
18,Blood transfusion,PR,30243N0,"Transfusion of Autologous Red Blood Cells into Central vein, percutaneous approach",,,
18,Blood transfusion,PR,30243P0,"Transfusion of Autologous Frozen Red Cells into Central vein, percutaneous approach",,,
19,Hysterectomy,PR,0UT90ZZ ,"Resection of Uterus, Open Approach",,,
19,Hysterectomy,PR,0UT94ZZ,"Resection of Uterus, Percutaneous Endoscopic Approach",,,
19,Hysterectomy,PR,0UT97ZZ,"Resection of Uterus, Via Natural or Artificial Opening",,,
19,Hysterectomy,PR,0UT98ZZ ,"Resection of Uterus, Via Natural or Artificial Opening Endoscopic",,,
19,Hysterectomy,PR,0UT9FZZ ,"Resection of Uterus, Via Natural or Artificial Opening With Percutaneous Endoscopic Assistance",,,
20,Temporary tracheostomy,PR,0B110Z4,"Bypass Trachea to Cutaneous, Open Approach",,,
20,Temporary tracheostomy,PR,0B110F4,"Bypass Trachea to Cutaneous with Tracheostomy Device, Open Approach",,,
20,Temporary tracheostomy,PR,0B113Z4,"Bypass Trachea to Cutaneous, Percutaneous Approach",,,
20,Temporary tracheostomy,PR,0B113F4,"Bypass Trachea to Cutaneous with Tracheostomy Device, Percutaneous Approach",,,
20,Temporary tracheostomy,PR,0B114Z4,"Bypass Trachea to Cutaneous, Percutaneous Endoscopic Approach",,,
20,Temporary tracheostomy,PR,0B114F4,"Bypass Trachea to Cutaneous with Tracheostomy Device, Percutaneous Endoscopic Approach",,,
21,Ventilation,PR,5A1935Z,"Respiratory Ventilation, Less than 24 Consecutive Hours",,,
21,Ventilation,PR,5A1945Z,"Respiratory Ventilation, 24-96 Consecutive Hours",,,
21,Ventilation,PR,5A1955Z,"Respiratory Ventilation, Greater than 96 Consecutive Hours",,,
End of worksheet,,,,,,,
,,,,,,,
,, ,,,,,
